Series Number,fileName,Description,Gender,UUID,Hash
Series Number,,,male,fc8ea3ac-59d1-11ed-9b6a-0242ac120002,
Series Number,,,male,58f69cae-59d1-11ed-9b6a-0242ac120002,
Series Number,,,female,24b537fa-59d3-11ed-9b6a-0242ac120002,
64,,,male,064c7b84-59d3-11ed-9b6a-0242ac120002,
65,,,female,1ee5b1ce-59d3-11ed-9b6a-0242ac120002,
66,,,female,2f1a1724-59d3-11ed-9b6a-0242ac120002,
67,,,male,d04553b2-59d7-11ed-9b6a-0242ac120002,
68,,,male,5d19795e-59d2-11ed-9b6a-0242ac120002,
69,,,female,29c764ca-59d3-11ed-9b6a-0242ac120002,
70,,,male,ee671c4a-59d2-11ed-9b6a-0242ac120002,
71,,,female,380e4990-59d3-11ed-9b6a-0242ac120002,
72,,,male,1c1ef1b4-59d1-11ed-9b6a-0242ac120002,
73,,,male,82bba87c-59d1-11ed-9b6a-0242ac120002,
74,,,male,faa4b530-59d2-11ed-9b6a-0242ac120002,
75,,,male,fb6e8222-59d0-11ed-9b6a-0242ac120002,
76,,,male,169f93a0-59d2-11ed-9b6a-0242ac120002,
77,,,male,e7f26b26-59d2-11ed-9b6a-0242ac120002,
78,,,male,169f93a0-59d2-11ed-9b6a-0242ac120002,
79,,,male,f3f11fd0-59d2-11ed-9b6a-0242ac120002,
80,,,male,00f6589e-59d3-11ed-9b6a-0242ac120002,
